ABEJORRAL (ANT)
ABREGO (N/STDER)
ABRIAQUI (ANT)
ACACIAS (META)
ACANDI (CHOCO)
ACAPULCO (STDER)
ACEVEDO (HLA)
ACHI (BOL)
AGRADO (HLA)
AGUA DE DIOS (C/MARCA)
AGUACHICA (CES)
AGUACLARA (C/NARE)
AGUADA (STDER)
AGUADAS (CDAS)
AGUAS BLANCAS (CES)
AGUAZUL (C/NARE)
AIPE (HLA)
ALBAN (C/MARCA)
ALBANIA (ANT)
ALBANIA (CAQ)
ALBANIA (GUAJ)
ALCALA (VALLE)
ALDANA (NAR)
ALEJANDRIA (ANT)
ALGARROBO (MG/LENA)
ALGECIRAS (HLA)
ALMAGUER (CAU)
ALMEIDA (BOY)
ALPUJARRA (TOL)
ALTAMIRA (ANT)
ALTAMIRA (HLA)
ALTAQUER (NAR)
ALTO BAUDO (CHOCO)
ALTO DE TABLAZO (CDAS)
ALVARADO (TOL)
ALVARO OBREGON (CMX)
AMAGA (ANT)
AMAIME (VALLE)
AMALFI (ANT)
AMBALEMA (TOL)
ANAPOIMA (C/MARCA)
ANCUYA (NAR)
ANDAGOYA (CHOCO)
ANDALUCIA (VALLE)
ANDES (ANT)
ANGELOPOLIS (ANT)
ANGOSTURA (ANT)
ANIMAS (CHOCO)
ANOLAIMA (C/MARCA)
ANORI (ANT)
ANSERMA (CDAS)
ANSERMA NUEVO (VALLE)
ANTEQUERA (CES)
ANZA (ANT)
ANZOATEGUI (TOL)
APARTADO (ANT)
APIA (RS)
APIAY (META)
APULO (C/MARCA)
AQUITANIA (BOY)
ARACATACA (MG/LENA)
ARANZAZU (CDAS)
ARATOCA (STDER)
ARAUCA (ARAU)
ARAUCA (CDAS)
ARAUQUITA (ARAU)
ARBELAEZ (C/MARCA)
ARBOLEDA (CDAS)
ARBOLEDAS (N/STDER)
ARBOLETES (ANT)
ARCABUCO (BOY)
ARENAL (BOL)
ARGELIA (ANT)
ARGELIA (CAU)
ARGELIA (VALLE)
ARGENTINA (HLA)
ARJONA (BOL)
ARJONA (CES)
ARMA (CDAS)
ARMENIA (QDIO)
ARMENIA MANTEQUILLA (ANT)
ARMERO GUAYABAL (TOL)
ARROYO DE PIEDRA (ATL)
ASTREA (CES)
ATACO (TOL)
ATIZAPAN DE ZARAGOZA (MEX)
AYACUCHO (CES)
AYAPEL (CORD)
AZACRANAL (C/MARCA)
AZCAPOTZALCO (CMX)
BADILLO (CES)
BAGAZAL (C/MARCA)
BAHIA SOLANO MUTIS (CHOCO)
BAJO BAUDO PIZARRO (CHOCO)
BAJO DEL LIMON (CORD)
BAJO TABLAZO (CDAS)
BALBOA (CAU)
BALBOA (RS)
BALLESTAS (BOL)
BARANOA (ATL)
BARAYA (HLA)
BARBACOAS (NAR)
BARBOSA (ANT)
BARBOSA (STDER)
BARCELONA (QDIO)
BARICHARA (STDER)
BARRANCA DE UPIA (META)
BARRANCABERMEJA (STDER)
BARRANCAS (GUAJ)
BARRANCO DE LOBA (BOL)
BARRANQUILLA (ATL)
BARU (BOL)
BAYUNCA (BOL)
BECERRIL (CES)
BELALCAZAR (CDAS)
BELALCAZAR PAEZ (CAU)
BELEN (BOY)
BELEN (CORD)
BELEN (HLA)
BELEN (NAR)
BELEN DE LOS ANDAQUIES (CAQ)
BELEN DE UMBRIA (RS)
BELENCITO (BOY)
BELLO (ANT)
BELMIRA (ANT)
BENITO JUAREZ (CMX)
BERBEO (BOY)
BERRUECOS ARBOLEDA (NAR)
BETANIA (ANT)
BETEITIVA (BOY)
BETULIA (ANT)
BETULIA (STDER)
BITUIMA (C/MARCA)
BOAVITA (BOY)
BOCHALEMA (N/STDER)
BOGOTA (C/MARCA)
BOJACA (C/MARCA)
BOJAYA (CHOCO)
BOLIVAR (CAU)
BOLIVAR (STDER)
BOLIVAR (VALLE)
BOLIVIA (CDAS)
BOLOMBOLO (ANT)
BONAFONT (CDAS)
BONDA (MG/LENA)
BOQUERON (C/MARCA)
BOQUERON (TOL)
BOSCONIA (CES)
BOYACA (BOY)
BRICEÑO (ANT)
BRICEÑO (BOY)
BRICEÑO (C/MARCA)
BRISAS DEL HONG KONG (P/MAYO)
BRUSELAS (HLA)
BUCARAMANGA (STDER)
BUCARASICA (N/STDER)
BUENA SENA (BOL)
BUENA VISTA (CORD)
BUENAVENTURA (VALLE)
BUENAVISTA (BOY)
BUENAVISTA (GUAJ)
BUENAVISTA (QDIO)
BUENOS AIRES (CAU)
BUENOS AIRES (TOL)
BUESACO (NAR)
BUESAQUILLO (NAR)
BUGA (VALLE)
BUGA LA GRANDE (VALLE)
BURITICA (ANT)
BUSBANZA (BOY)
CABRERA (C/MARCA)
CABRERA (NAR)
CABUYA (CORD)
CACERES (ANT)
CACHIPAY (C/MARCA)
CACHIRA (N/STDER)
CACICAZGO (C/MARCA)
CACOTA (N/STDER)
CAGUAN (HLA)
CAICEDO (ANT)
CAICEDONIA (VALLE)
CAIMITO (SUCRE)
CAJAMARCA (TOL)
CAJAPI (NAR)
CAJETE (CAU)
CAJIBIO (CAU)
CAJICA (C/MARCA)
CALAMAR (BOL)
CALARCA (QDIO) 
CALDAS (ANT)
CALDAS (BOY)
CALDAS VIEJO (TOL)
CALDONO (CAU)
CALI (VALLE)
CALIBIO (CAU)
CALOTO (CAU)
CAMBAO (C/MARCA)
CAMILO C (ANT)
CAMPAMENTO (ANT)
CAMPECHE (ATL)
CAMPO DE LA CRUZ (ATL)
CAMPOALEGRE (HLA)
CAMPOALEGRE (VALLE)
CAMPOHERMOSO (BOY)
CANALETE (CORD)
CANDELARIA (ATL)
CANDELARIA (VALLE)
CANDELILLAS (NAR)
CANTAGALLO (BOL)
CAPARRAPI (C/MARCA)
CAPELLANIA (C/MARCA)
CAPITANEJO (STDER)
CAPURGANA (CHOCO)
CAQUEZA (C/MARCA)
CARACOLI (ANT)
CARACOLICITO (CES)
CARAMANTA (ANT)
CARCASI (STDER)
CAREPA (ANT)
CARLOSAMA  CUASPUD (NAR)
CARMEN DE APICALA (TOL)
CARMEN DE CARUPA (C/MARCA)
CAROLINA (CORD)
CAROLINA DEL PRINCIPE (ANT)
CARRILLO (CORD)
CARRIZAL (CORD)
CARTAGENA (BOL)
CARTAGENA (C/MARCA)
CARTAGENA DEL CHAIRA (CAQ)
CARTAGO (VALLE)
CASABIANCA (TOL)
CASCAJAL (ATL)
CASCAJAL (C/MARCA)
CASTILLA (CDAS)
CASTILLA (TOL)
CASTILLA LA NUEVA (META)
CATAMBUCO (NAR)
CAUCASIA (ANT)
CAÑASGORDAS (ANT)
CAÑAVERAL (BOL)
CAÑAVERAL (CDAS)
CAÑAVERAL VILLANUEVA (VALLE)
CEBADAL (NAR)
CERETE (CORD)
CERINZA (BOY)
CERRITO (STDER)
CERRO SAN ANTONIO (MG/LENA)
CERTEGUI (CHOCO)
CHACHAGUI (NAR)
CHAGUANI (C/MARCA)
CHAPARRAL (TOL)
CHARALA (STDER)
CHENCHE ASOLEADO (TOL)
CHIA (C/MARCA)
CHICOLOAPAN (MEX)
CHICORAL (TOL)
CHIGORODO (ANT)
CHIMA (CORD)
CHIMALHUACAN (MEX)
CHIMICHAGUA (CES)
CHINACOTA (N/STDER)
CHINAUTA (C/MARCA)
CHINAVITA (BOY)
CHINCHINA (CDAS)
CHINU (CORD)
CHIPAQUE (C/MARCA)
CHIPATA (STDER)
CHIPUELO ORIENTE (TOL)
CHIQUINQUIRA (BOY)
CHIQUIZA (BOY)
CHIRIGUANA (CES)
CHISCAS (BOY)
CHITA (BOY)
CHITAGA (N/STDER)
CHITARAQUE (BOY)
CHIVATA (BOY)
CHIVOLO (MG/LENA)
CHIVOR (BOY)
CHOACHI (C/MARCA)
CHOCONTA (C/MARCA)
CHUCUNES (NAR)
CHUSACA (C/MARCA)
CICUCO (BOL)
CIENAGA (MG/LENA)
CIENAGA DE ORO (CORD)
CIENAGA HONDA (CAU)
CIENEGA (BOY)
CIMITARRA (STDER)
CIRCASIA (QDIO)
CISNEROS (ANT)
CISNEROS (VALLE)
CIUDAD BOLIVAR (ANT)
CLEMENCIA (BOL)
COACALCO DE BERRIOZABAL (MEX)
COCONUCO (CAU)
COCORNA (ANT)
CODAZZI- AGUSTIN (CES)
COELLO (TOL)
COELLO - COCORA (TOL)
COGUA (C/MARCA)
COLOMBIA (ATL)
COLOMBIA (HLA)
COLOMBOY (CORD)
COLON (P/MAYO)
COMBITA (BOY)
CONCEPCION (ANT)
CONCEPCION (STDER)
CONCORDIA (ANT)
CONDOTO (CHOCO)
CONSACA (NAR)
CONTADERO (NAR)
CONTRATACION (STDER)
CONVENCION (N/STDER)
CONVENIO (TOL)
COPACABANA (ANT)
COPER (BOY)
CORDOBA (BOL)
CORDOBA (NAR)
CORDOBA (QDIO)
CORINTO (CAU)
COROZAL (SUCRE)
CORRAL DE SAN LUIS (ATL)
CORRALEJAS (C/MARCA)
CORRALES (BOY)
COSCUEZ (BOY)
COSTA RICA (VALLE)
COTA (C/MARCA)
COTORRA (CORD)
COVARACHIA (BOY)
COVEÑAS (SUCRE)
COYAIMA (TOL)
COYOACAN (CMX)
COYOTEPEC (MEX)
CRAVO NORTE (ARAU)
CRIOLLO (HLA)
CRUCERO DE GUALI (CAU)
CUAJIMALPA DE MORELOS (CMX)
CUATRO ESQUINAS (NAR)
CUATRO VIENTOS (CES)
CUAUHTEMOC (CMX)
CUAUTITLAN (MEX)
CUAUTITLAN IZCALLI (MEX)
CUBARA (BOY)
CUBARRAL SAN LUIS (META)
CUCAITA (BOY)
CUCUNUBA (C/MARCA)
CUCUTA (N/STDER)
CUCUTILLA (N/STDER)
CUITIVA (BOY)
CUMACA (C/MARCA)
CUMARAL (META)
CUMARIBO (VICH)
CUMBAL (NAR)
CUMBITARA (NAR)
CUNDAY (TOL)
CUPIAGUA (C/NARE)
CURILLO (CAQ)
CURITI (STDER)
CURRULAO (ANT)
CURUMANI (CES)
CUSIANA POZO (C/NARE)
DABEIBA (ANT)
DAGUA (VALLE)
DARIEN (VALLE)
DAZA (NAR)
DISTRACCION (GUAJ)
DOIMA (TOL)
DOLORES (TOL)
DON ALONSO (SUCRE)
DON MATIAS (ANT)
DORADAL (ANT)
DOSQUEBRADAS (RS)
DUITAMA (BOY)
DURANIA (N/STDER)
EBEJICO (ANT)
ECATEPEC DE MORELOS (MEX)
EL AGUILA (VALLE)
EL BAGRE (ANT)
EL BANCO (MG/LENA)
EL BAURA (TOL)
EL BORDO (CAU)
EL CAIRO (VALLE)
EL CARITO (CORD)
EL CARMELO (VALLE)
EL CARMEN (N/STDER)
EL CARMEN (VALLE)
EL CARMEN DE ATRATO (CHOCO)
EL CARMEN DE BOLIVAR (BOL)
EL CARMEN DE CHUCURI (STDER)
EL CARMEN DE VIBORAL (ANT)
EL CASTILLO (QDIO)
EL CENTRO (STDER)
EL CERRITO (VALLE)
EL CHARCO (NAR)
EL CHARQUITO (C/MARCA)
EL COCUY (BOY)
EL COLEGIO MESITAS (C/MARCA)
EL COPEY (CES)
EL DIFICIL (MG/LENA)
EL DIVISO (NAR)
EL DOCE (ANT)
EL DONCELLO (CAQ)
EL DOVIO (VALLE)
EL ENCANO (NAR)
EL ERMITAÑO (BOY)
EL ESPINO (BOY)
EL ESPINO (NAR)
EL ESTRECHO (CAU)
EL GUAMO (BOL)
EL GUASIMO (CAU)
EL HATICO (GUAJ)
EL LAUREL (QDIO)
EL LIMON (TOL)
EL LLANITO (CAU)
EL LLANO (CDAS)
EL MARFIL (BOY)
EL MOLINO (GUAJ)
EL MORRO (C/NARE)
EL NARANJAL (CAU)
EL OLIVO (C/MARCA)
EL ORATORIO (C/MARCA)
EL PALMAR (MG/LENA)
EL PALMAR (VALLE)
EL PASO (CES)
EL PATIA (CAU)
EL PAUJIL (CAQ)
EL PEPINO (P/MAYO)
EL PEÑOL (ANT)
EL PEÑOL (NAR)
EL PEÑON (STDER)
EL PEÑÓN (C/MARCA)
EL PITAL (CAU)
EL PIÑAL (C/MARCA)
EL PIÑON (MG/LENA)
EL PLACER (VALLE)
EL PLAYON (STDER)
EL PORTAL (C/MARCA)
EL PORVENIR (C/MARCA)
EL QUEREMAL (VALLE)
EL REMOLINO (NAR)
EL REPOSO (ANT)
EL RETEN (MG/LENA)
EL ROSAL (C/MARCA)
EL ROSARIO (NAR)
EL SANTUARIO (ANT)
EL SIETE (CHOCO)
EL SISGA (C/MARCA)
EL TABLAZO (TOL)
EL TABLON DE GOMEZ (NAR)
EL TAJO (CAU)
EL TAMBO (CAU)
EL TAMBO (NAR)
EL TIGRE (ANT)
EL TIGRE (P/MAYO)
EL TOTUMO (TOL)
EL TREBOL (CDAS)
EL TRES (ANT)
EL TRIQUE (BOY)
EL TRIUNFO (C/MARCA)
EL VARAL (CORD)
EL VIAJANO (CORD)
EL ZULIA (N/STDER)
ENCISO (STDER)
ENTRERRIOS (ANT)
ENVIGADO (ANT)
ESPINAL (TOL)
ESPRIELLA (NAR)
EVITAR (BOL)
FACATATIVA (C/MARCA)
FALAN (TOL)
FELIDIA (VALLE)
FENICIA (VALLE)
FILADELFIA (CDAS)
FILANDIA (QDIO)
FIRAVITOBA (BOY)
FLANDES (TOL)
FLORENCIA (CAQ)
FLORENCIA (CAU)
FLORENCIA (CDAS)
FLORESTA (BOY)
FLORIAN (STDER)
FLORIDA (VALLE)
FLORIDABLANCA (STDER)
FOMEQUE (C/MARCA)
FONSECA (GUAJ)
FORTALECILLAS (HLA)
FORTUL (ARAU)
FOSCA (C/MARCA)
FREDONIA (ANT)
FRESNO (TOL)
FRIAS (TOL)
FRONTINO (ANT)
FUENTE DE ORO (META)
FUNDACION (MG/LENA)
FUNDADORES (TOL)
FUNES (NAR)
FUNZA (C/MARCA)
FUQUENE (C/MARCA)
FUSAGASUGA (C/MARCA)
GACHALA (C/MARCA)
GACHANCIPA (C/MARCA)
GACHANTIVA (BOY)
GACHETA (C/MARCA)
GAIRA (MG/LENA)
GAITANIA (TOL)
GALAN (STDER)
GALAPA (ATL)
GALERAS (SUCRE)
GALERAZAMBA (BOL)
GALINDEZ (CAU)
GAMA (C/MARCA)
GAMARRA (CES)
GAMBITA (STDER)
GAMEZA (BOY)
GARAGOA (BOY)
GARZON (HLA)
GATO NEGRO (VALLE)
GENOVA (NAR)
GENOVA (QDIO)
GENOY (NAR)
GIGANTE (HLA)
GINEBRA (VALLE)
GIRALDO (ANT)
GIRARDOT (C/MARCA)
GIRARDOTA (ANT)
GIRON (STDER)
GOMEZ PLATA (ANT)
GONZALEZ (CES)
GRAMALOTE (N/STDER)
GRANADA (ANT)
GRANADA (C/MARCA)
GRANADA (META)
GUACA (STDER)
GUACAMAYAL (MG/LENA)
GUACAMAYAS (BOY)
GUACARI (VALLE)
GUACHAVEZ SAN CRUZ (NAR)
GUACHENE (CAU)
GUACHETA (C/MARCA)
GUACHIPAS (C/MARCA)
GUACHUCAL (NAR)
GUACIRCO (HLA)
GUADALUPE (ANT)
GUADALUPE (HLA)
GUADALUPE (STDER)
GUADUAS (C/MARCA)
GUAITARILLA (NAR)
GUALANDAY (TOL)
GUALMATAN (NAR)
GUAMAL (CDAS)
GUAMAL (META)
GUAMAL (MG/LENA)
GUAMO (TOL)
GUAPI (CAU)
GUARANDA (SUCRE)
GUARATO (CHOCO)
GUARINOCITO (CDAS)
GUARNE (ANT)
GUARUMO (ANT)
GUASCA (C/MARCA)
GUATACA (BOL)
GUATAPE (ANT)
GUATAQUI (C/MARCA)
GUATAVITA (C/MARCA)
GUATEQUE (BOY)
GUATICA (RS)
GUAVATA (STDER)
GUAYABAL (HLA)
GUAYABAL DE SIQUIMA (C/MARCA)
GUAYABETAL (C/MARCA)
GUAYATA (BOY)
GUEPSA (STDER)
GUICAN (BOY)
GUSTAVO A MADERO (CMX)
GUTIERREZ (C/MARCA)
HATILLO DE LOBA (BOL)
HATO COROZAL (C/NARE)
HATO DE IGLESIA (TOL)
HATO GRANDE (C/MARCA)
HATO NUEVO (GUAJ)
HELICONIA (ANT)
HERBEO (TOL)
HERRAN (N/STDER)
HERRERA (TOL)
HIGUERONCITO (VALLE)
HISPANIA (ANT)
HOBO (HLA)
HOLGUIN (VALLE)
HONDA (TOL)
HUEHUETOCA (MEX)
HUIXQUILUCAN (MEX)
IBAGUE (TOL)
ICONONZO (TOL)
IGUASITOS (TOL)
ILES (NAR)
IMBILI (NAR)
IMUES (NAR)
INIRIDA (GUAI)
INZA (CAU)
IPIALES (NAR)
IQUIRA (HLA)
IRRA (RS)
ISABEL LOPEZ (ATL)
ISTMINA (CHOCO)
ITAGUI (ANT)
ITUANGO (ANT)
IZA (BOY)
IZTACALCO (CMX)
IZTAPALAPA (CMX)
JALTENCO (MEX)
JAMBALO (CAU)
JAMUNDI (VALLE)
JARDIN CACERES (ANT)
JARDIN SUROESTE (ANT)
JENESANO (BOY)
JERICO (ANT)
JERICO (BOY)
JERUSALEN (ANT)
JERUSALEN (C/MARCA)
JESUS MARIA (STDER)
JOSE MARIA HERNANDEZ (NAR)
JUAN ARIAS (BOL)
JUAN DE ACOSTA (ATL)
JUAN JOSE (CORD)
JUAN MINA (ATL)
JUNIN (C/MARCA)
JUNIN (NAR)
JUNIN (TOL)
JUNTAS (TOL)
JURADO (CHOCO)
KILOMETRO DOS Y MEDIO (BOY)
KILOMETRO ONCE (BOY)
KILOMETRO VENTICINCO (BOY)
LA AGUADITA (TOL)
LA APARTADA (CORD)
LA ARADA (TOL)
LA AURORA (CDAS)
LA BELLA (QDIO)
LA BELLEZA (STDER)
LA BOQUILLA (BOL)
LA CABAÑA (C/MARCA)
LA CALERA (C/MARCA)
LA CAPILLA (BOY)
LA CEJA (ANT)
LA CELIA (RS)
LA CHAMBA (TOL)
LA CHAPARRERA (C/NARE)
LA COLORADA (C/MARCA)
LA CRUZ (NAR)
LA CRUZADA (ANT)
LA CUMBRE (VALLE)
LA DORADA (CDAS)
LA DORADA SAN MIGUEL (P/MAYO)
LA ESMERALDA (ARAU)
LA ESMERALDA (C/MARCA)
LA ESPERANZA (N/STDER)
LA ESTRELLA (ANT)
LA FELISA (CDAS)
LA FLORESTA (CDAS)
LA FLORIDA (C/MARCA)
LA FLORIDA (NAR)
LA FORTUNA (STDER)
LA GLORIA (CES)
LA GLORIA (MG/LENA)
LA GRAN VIA (C/MARCA)
LA GRAN VIA (MG/LENA)
LA GUAFILLA (C/NARE)
LA GUAYACANA (NAR)
LA HABANA (CDAS)
LA HORMIGA - VALLE GUAMUEZ (P/MAYO)
LA JAGUA DE IBIRICO (CES)
LA JAGUA DEL PILAR (GUAJ)
LA LLANADA (NAR)
LA LOMA (CES)
LA MACARENA (META)
LA MAGDALENA (C/MARCA)
LA MAGDALENA CONTRERAS (CMX)
LA MAGOLA (C/MARCA)
LA MARINA (RS)
LA MERCED (CDAS)
LA MESA (C/MARCA)
LA MONTAÑITA (CAQ)
LA NIATA (C/NARE)
LA PAILA (VALLE)
LA PALMA (C/MARCA)
LA PALMITA (TOL)
LA PARROQUIA (TOL)
LA PAZ (CES)
LA PAZ (MEX)
LA PAZ (STDER)
LA PESQUERA (ARAU)
LA PEÑA (ATL)
LA PEÑA (C/MARCA)
LA PINTADA (ANT)
LA PLATA (CDAS)
LA PLATA (HLA)
LA PLAZUELA (C/MARCA)
LA PRADERA (CDAS)
LA PRIMAVERA (VICH)
LA PUERTA (C/MARCA)
LA PUNTA (C/MARCA)
LA SALADA (C/MARCA)
LA SIERRA (ANT)
LA SIERRA (CAU)
LA SIERRA (TOL)
LA TABLAZA (ANT)
LA TEBAIDA (QDIO)
LA ULLOA (HLA)
LA UNION (ANT)
LA UNION (C/MARCA)
LA UNION (NAR)
LA UNION (SUCRE)
LA UNION (VALLE)
LA UVITA (BOY)
LA VEGA (C/MARCA)
LA VEGA (CAU)
LA VICTORIA (BOY)
LA VICTORIA (C/MARCA)
LA VICTORIA (VALLE)
LA VIRGINIA (RS)
LA YE (CORD)
LA YOPALOSA (C/NARE)
LABATECA (N/STDER)
LABRANZAGRANDE (BOY)
LANDAZURI (STDER)
LAS CASITAS (CORD)
LAS GUAMAS (CORD)
LAS ISLAS (C/MARCA)
LAS LAJAS (NAR)
LAS PEÑAS (SUCRE)
LEBRIJA (STDER)
LEIVA (NAR)
LEJANIAS (META)
LENGUAZAQUE (C/MARCA)
LERIDA (TOL)
LETICIA (AMAZ)
LIBANO (TOL)
LIBORINA (ANT)
LINARES (NAR)
LLANADAS (ANT)
LLANOS DE CUIVA (ANT)
LLORENTE (NAR)
LLORO (CHOCO)
LOBO GUERRERO (VALLE)
LOMA DE ARENA (BOL)
LOMA DE SIMON (BOL)
LOPEZ DE MICAY (CAU)
LORICA (CORD)
LOS ANDES (MG/LENA)
LOS CORDOBAS (CORD)
LOS GOMEZ (CORD)
LOS PALMITOS (SUCRE)
LOS PATIOS (N/STDER)
LOS PONDORES (GUAJ)
LOS SANTOS (STDER)
LOURDES (N/STDER)
LURUACO (ATL)
MACANAL (BOY)
MACEO (ANT)
MACHETA (C/MARCA)
MADRID (C/MARCA)
MAGANGUE (BOL)
MAHATES (BOL)
MAICAO (GUAJ)
MAJAGUAL (SUCRE)
MAJO (HLA)
MALAGA (STDER)
MALAGANA (BOL)
MALAMBO (ATL)
MANATI (ATL)
MANAURE (GUAJ)
MANAURE BALCON DEL CESAR (CES)
MANDIGUILLA (CES)
MANI (C/NARE)
MANIZALES (CDAS)
MANTA (C/MARCA)
MANTAGORDAL (CORD)
MANZANARES (CDAS)
MARGARITA (BOL)
MARIA LA BAJA (BOL)
MARIANGOLA (CES)
MARINILLA (ANT)
MARIPI (BOY)
MARIQUITA (TOL)
MARMATO (CDAS)
MARQUETALIA (CDAS)
MARSELLA (RS)
MARULANDA (CDAS)
MATANZA (STDER)
MAYA (C/MARCA)
MEDELLIN (ANT)
MEDIA LUNA (MG/LENA)
MEDINA (C/MARCA)
MELCHOR OCAMPO (MEX)
MELGAR (TOL)
MERCADERES (CAU)
MESOPOTAMIA (ANT)
MIGUEL HIDALGO (CMX)
MILPA ALTA (CMX)
MINAS (ANT)
MINGUEO (GUAJ)
MIRAFLORES (BOY)
MIRANDA (CAU)
MISTRATO (RS)
MITU (V/PES)
MOCOA (P/MAYO)
MOCONDINO (NAR)
MOGOTES (STDER)
MOJARRAS (CAU)
MOLAGAVITA (STDER)
MOLINEROS (ATL)
MOMIL (CORD)
MOMPOS (BOL)
MONDOMO (CAU)
MONGUA (BOY)
MONGUI (BOY)
MONIQUIRA (BOY)
MONTAÑITA (HLA)
MONTEBELLO (ANT)
MONTEBONITO (CDAS)
MONTECRISTO (BOL)
MONTELIBANO (CORD)
MONTENEGRO (QDIO)
MONTERIA (CORD)
MONTERRALO (C/NARE)
MONTERREY (C/NARE)
MONTEZUMA (VALLE)
MORALES (BOL)
MORALES (CAU)
MORELIA (CAQ)
MORICHAL (C/NARE)
MORROA (SUCRE)
MOSQUERA (C/MARCA)
MOTAVITA (BOY)
MOÑITOS (CORD)
MURILLO (TOL)
MURINDO (ANT)
MUTATA (ANT)
MUTISCUA (N/STDER)
MUZO (BOY)
NARIÑO (ANT)
NARIÑO (BOY)
NARIÑO (C/MARCA)
NARIÑO (NAR)
NATAGA (HLA)
NATAGAIMA (TOL)
NAUCALPAN DE JUAREZ (MEX)
NECHI (ANT)
NECOCLI (ANT)
NEIRA (CDAS)
NEIVA (HLA)
NEMOCON (C/MARCA)
NEXTLALPAN (MEX)
NEZAHUALCOYOTL (MEX)
NICOLAS ROMERO (MEX)
NILO (C/MARCA)
NIMAIMA (C/MARCA)
NOBSA (BOY)
NOCAIMA (C/MARCA)
NORCASIA (CDAS)
NOROSI (BOL)
NOVITA (CHOCO)
NUEVA COLONIA (ANT)
NUEVA ESPERANZA (BOL)
NUEVA GRANADA (MG/LENA)
NUEVO COLON (BOY)
NUNCHIA (C/NARE)
NUQUI (CHOCO)
OBANDO (VALLE)
OBONUCO (NAR)
OCAÑA (N/STDER)
OCOYOACAC (MEX)
OIBA (STDER)
OICATA (BOY)
OLAYA (ANT)
OLAYA HERRERA (TOL)
OLIVAL (STDER)
ONZAGA (STDER)
OPORAPA (HLA)
ORIHUECA (MG/LENA)
ORITO (P/MAYO)
OROCUE (C/NARE)
ORTEGA (TOL)
ORTIGAL (CAU)
OSPINA (NAR)
OTANCHE (BOY)
OTRAMINA (ANT)
OVEJAS (SUCRE)
PACHAQUIARO (META)
PACHAVITA (BOY)
PACHO (C/MARCA)
PACORA (CDAS)
PADILLA (CAU)
PADUA (TOL)
PAEZ (BOY)
PAICOL (HLA)
PAILITAS (CES)
PAIME (C/MARCA)
PAIPA (BOY)
PAISPAMBA SOTARA (CAU)
PAJARITO (BOY)
PALANGUA SEGUNDO SECTOR (BOY)
PALERMO (ANT)
PALERMO (HLA)
PALERMO (MG/LENA)
PALESTINA (CDAS)
PALESTINA (HLA)
PALMAR DE VARELA (ATL)
PALMIRA (VALLE)
PALMITAS (ANT)
PALO MOCHO (CAU)
PALOCABILDO (TOL)
PALOMINO (GUAJ)
PAMPLONA (N/STDER)
PAMPLONITA (N/STDER)
PANDI (C/MARCA)
PANQUEBA (BOY)
PANTANO DE VARGAS (BOY)
PARAMO (STDER)
PARATEBUENO (C/MARCA)
PASACABALLOS (BOL)
PASCA (C/MARCA)
PASO CUSIANA CASANARE (C/NARE)
PASTALES NUEVO (TOL)
PASTALES VIEJO (TOL)
PASTO (NAR)
PATILLAL (CES)
PATIO BONITO (C/MARCA)
PAUNA (BOY)
PAYANDE (TOL)
PAZ DE ARIPORO (C/NARE)
PAZ DE RIO (BOY)
PELAYA (CES)
PENSILVANIA (CDAS)
PEQUE (ANT)
PEREIRA (RS)
PESCA (BOY)
PESCADERO (STDER)
PESCADOR (CAU)
PEÑA NEGRA (C/MARCA)
PEÑALISA (ANT)
PIEDECUESTA (STDER)
PIEDRAHANCHA (NAR)
PIEDRAS (TOL)
PIEDRASENTADA (CAU)
PIENDAMO (CAU)
PIJAO (QDIO)
PIJIÑO DEL CARMEN (MG/LENA)
PILCUAN (NAR)
PINCHOTE (STDER)
PINZON (NAR)
PIOJO (ATL)
PITAL (ATL)
PITAL (HLA)
PITALITO (HLA)
PIVIJAY (MG/LENA)
PLANADAS (P/MAYO)
PLANADAS (TOL)
PLANETA RICA (CORD)
PLATO (MG/LENA)
PLAYA MENDOZA (ATL)
PLAYARRICA (TOL)
POLICARPA (NAR)
POLONIA (HLA)
POLONUEVO (ATL)
PONEDERA (ATL)
PONTEZUELA (BOL)
POPAYAN (CAU)
PORE (C/NARE)
PORTONES (C/MARCA)
POTOSI (NAR)
PRADERA (VALLE)
PRADO (TOL)
PRADO SEVILLA (MG/LENA)
PRESIDENTE (VALLE)
PROVIDENCIA (NAR)
PROVIDENCIA (S/ANDRES)
PUEBLO BELLO (CES)
PUEBLO NUEVO (ARA)
PUEBLO NUEVO (CORD)
PUEBLO RICO (RS)
PUEBLONUEVO (MG/LENA)
PUEBLORRICO (ANT)
PUEBLOVIEJO (MG/LENA)
PUENTE BOYACA (BOY)
PUENTE DE BAGAZAL (C/MARCA)
PUENTE DE PIEDRA (C/MARCA)
PUENTE NACIONAL (STDER)
PUENTE QUETAME (C/MARCA)
PUENTE TIERRA (VALLE)
PUERRES (NAR)
PUERTO ARANGO (CAQ)
PUERTO ARAUJO (STDER)
PUERTO ASIS (P/MAYO)
PUERTO BELGICA (ANT)
PUERTO BERRIO (ANT)
PUERTO BOGOTA (C/MARCA)
PUERTO BOYACA (BOY)
PUERTO CAICEDO (P/MAYO)
PUERTO CARREÑO (VICH)
PUERTO COLOMBIA (ATL)
PUERTO CONCORDIA (META)
PUERTO ESCONDIDO (CORD)
PUERTO GAITAN (META)
PUERTO GIRALDO (ATL)
PUERTO GUTIERREZ (BOY)
PUERTO GUZMAN (P/MAYO)
PUERTO LEGUIZAMO (P/MAYO)
PUERTO LIBERTADOR (CORD)
PUERTO LIBRE (C/MARCA)
PUERTO LLERAS (META)
PUERTO LOPEZ (META)
PUERTO NARE (ANT)
PUERTO NARIÑO (ARAU)
PUERTO NUEVO (CORD)
PUERTO OLAYA (STDER)
PUERTO PARRA (STDER)
PUERTO RICO (CAQ)
PUERTO RICO (META)
PUERTO RICO TIQUISIO (BOL)
PUERTO ROMERO (BOY)
PUERTO RONDON (ARAU)
PUERTO SALGAR (C/MARCA)
PUERTO SANTANDER (N/STDER)
PUERTO SERVIEZ (BOY)
PUERTO TEJADA (CAU)
PUERTO TRIUNFO (ANT)
PUERTO UMBRIA (P/MAYO)
PUERTO VALDIVIA (ANT)
PUERTO WILCHES (STDER)
PULI (C/MARCA)
PUPIALES (NAR)
PURACE (CAU)
PURIFICACION (TOL)
PURISIMA (CORD)
QUEBRADANEGRA (C/MARCA)
QUETAME (C/MARCA)
QUIBDO (CHOCO)
QUIMBAYA (QDIO)
QUINAMAYO (CAU)
QUINCHIA (RS)
QUIPAMA (BOY)
QUIPILE (C/MARCA)
QUITURO (HLA)
RAGONVALIA (N/STDER)
RAMIRIQUI (BOY)
RAQUIRA (BOY)
REGIDOR (BOL)
REMEDIO POBRE (CORD)
REMEDIOS (ANT)
REMOLINO (MG/LENA)
REMOLINO (VALLE)
REPELON (ATL)
RESTREPO (META)
RESTREPO (VALLE)
RETIRO (ANT)
RICAURTE (C/MARCA)
RICAURTE (NAR)
RICAURTE -COLOSO (SUCRE)
RINCON HONDO (CES)
RINCON SANTO CENTRO (TOL)
RIO DE ORO (CES)
RIO FRIO (HLA)
RIO FRIO (VALLE)
RIO VIEJO (BOL)
RIOBLANCO (TOL)
RIOFRIO (MG/LENA)
RIOHACHA (GUAJ)
RIONEGRO (ANT)
RIONEGRO (CAQ)
RIONEGRO (STDER)
RIOSUCIO (CDAS)
RIOSUCIO (CHOCO)
RISARALDA (CDAS)
RIVERA (HLA)
ROCHA (BOL)
ROLDANILLO (VALLE)
RONCESVALLES (TOL)
RONDON (BOY)
ROSAS (CAU)
ROTINET (ATL)
ROVIRA (TOL)
ROZO (VALLE)
SABANA DE TORRES (STDER)
SABANAGRANDE (ATL)
SABANALARGA (ANT)
SABANALARGA (ATL)
SABANALARGA (C/NARE)
SABANAS DE SAN ANGEL (MG/LENA)
SABANETA (ANT)
SABOYA (BOY)
SACHICA (BOY)
SAHAGUN (CORD)
SALADO BLANCO (HLA)
SALAMINA (CDAS)
SALAMINA (MG/LENA)
SALAZAR (N/STDER)
SALDANA (TOL)
SALENTO (QDIO)
SALGAR (ANT)
SALGAR (ATL)
SALONICA LA MARINA (VALLE)
SAMACA (BOY)
SAMANA (CDAS)
SAMANIEGO (NAR)
SAMARIA (CDAS)
SAMPUES (SUCRE)
SAMUEL SILVERIO (CAU)
SAN ADOLFO (HLA)
SAN AGUSTIN (HLA)
SAN ALBERTO (CES)
SAN ANDRES (STDER)
SAN ANDRES DE CUERQUIA (ANT)
SAN ANDRES DE SOTAVENTO (CORD)
SAN ANDRES ISLA (S/ANDRES)
SAN ANT DE TEQUEN (C/MARCA)
SAN ANTERO (CORD)
SAN ANTONIO (CAU)
SAN ANTONIO (TOL)
SAN ANTONIO (VALLE)
SAN ANTONIO DE PRADO (ANT)
SAN BARTOLOME (CDAS)
SAN BENITO (STDER)
SAN BENITO ABAD (SUCRE)
SAN BERNARDO (C/MARCA)
SAN BERNARDO (N/STDER)
SAN BERNARDO (NAR)
SAN BERNARDO DEL VIENTO (CORD)
SAN CALIXTO (N/STDER)
SAN CARLOS (ANT)
SAN CARLOS (CORD)
SAN CARLOS DE GUAROA (META)
SAN CAYETANO (C/MARCA)
SAN CAYETANO (N/STDER)
SAN CLEMENTE (RS)
SAN DANIEL (CDAS)
SAN DIEGO (CDAS)
SAN DIEGO (CES)
SAN EDUARDO (BOY)
SAN ESTANISLAO (BOL)
SAN FELIPE (TOL)
SAN FELIX (CDAS)
SAN FERNANDO (BOL)
SAN FERNANDO (MG/LENA)
SAN FRANCISCO (ANT)
SAN FRANCISCO (C/MARCA)
SAN FRANCISCO (P/MAYO)
SAN GIL (STDER)
SAN JACINTO (BOL)
SAN JERONIMO (ANT)
SAN JOAQUIN (CAU)
SAN JOAQUIN (STDER)
SAN JOSE (ANT)
SAN JOSE (CAU)
SAN JOSE (CDAS)
SAN JOSE BUBUY (C/NARE)
SAN JOSE DE ALBAN (NAR)
SAN JOSE DE ARIGUANI (MG/LENA)
SAN JOSE DE ISNOS (HLA)
SAN JOSE DE LA MONTAÑA (ANT)
SAN JOSE DE MIRANDA (STDER)
SAN JOSE DE PARE (BOY)
SAN JOSE DE URE (CORD)
SAN JOSE DEL FRAGUA (CAQ)
SAN JOSE DEL GUAVIARE (G/VIARE)
SAN JOSE DEL NUS (ANT)
SAN JUAN DE ARAMA (META)
SAN JUAN DE BETULIA (SUCRE)
SAN JUAN DE RIOSECO (C/MARCA)
SAN JUAN DE URABA (ANT)
SAN JUAN DEL CESAR (GUAJ)
SAN JUAN NEPOMUCENO (BOL)
SAN LORENZO (CAU)
SAN LORENZO (NAR)
SAN LUIS (ANT)
SAN LUIS (TOL)
SAN LUIS DE GACENO (BOY)
SAN LUIS DE PALENQUE (C/NARE)
SAN MARCOS (SUCRE)
SAN MARCOS (VALLE)
SAN MARTIN (CES)
SAN MARTIN (META)
SAN MARTIN DE LOBA (BOL)
SAN MATEO (BOY)
SAN MIGUEL (ANT)
SAN MIGUEL (TOL)
SAN MIGUEL DE SEMA (BOY)
SAN ONOFRE (SUCRE)
SAN PABLO (BOL)
SAN PABLO (NAR)
SAN PABLO DE BORBUR (BOY)
SAN PEDRO (SUCRE)
SAN PEDRO (VALLE)
SAN PEDRO DE CARTAGO (NAR)
SAN PEDRO DE LOS MILAGROS (ANT)
SAN PEDRO DE URABA (ANT)
SAN PELAYO (CORD)
SAN RAFAEL (ANT)
SAN RAFAEL (CAU)
SAN RAFAEL (STDER)
SAN RAIMUNDO (C/MARCA)
SAN ROQUE (ANT)
SAN ROQUE (CES)
SAN SEBAST DE BUENAVI (MG/LENA)
SAN SEBASTIAN (CAU)
SAN SEBASTIAN (CORD)
SAN VICENTE (ANT)
SAN VICENTE DE CHUCURI (STDER)
SAN VICENTE DEL CAGUAN (CAQ)
SAN ZENON (MG/LENA)
SANDONA (NAR)
SANTA ANA (BOL)
SANTA ANA (MG/LENA)
SANTA BARBARA (ANT)
SANTA BARBARA (BOY)
SANTA BARBARA DE PINTO (MG/LENA)
SANTA CATALINA (BOL)
SANTA CATALINA (S/ANDRES)
SANTA CRUZ (ATL)
SANTA ELENA (ANT)
SANTA ELENA (VALLE)
SANTA FE DE ANTIOQUIA (ANT)
SANTA HELENA DEL OPON (STDER)
SANTA ISABEL (CES)
SANTA ISABEL (TOL)
SANTA ISABELL (ANT)
SANTA LUCIA (ATL)
SANTA MARIA (BOY)
SANTA MARIA (HLA)
SANTA MARTA (MG/LENA)
SANTA RITA (VALLE)
SANTA ROSA (BOL)
SANTA ROSA DE CABAL (RS)
SANTA ROSA DE OSOS (ANT)
SANTA ROSA DE VITERBO (BOY)
SANTA ROSA DEL SUR (BOL)
SANTA ROSALIA (VICH)
SANTA ROSITA (C/MARCA)
SANTA SOFIA (BOY)
SANTA TERESA (TOL)
SANTA VERONICA (ATL)
SANTANA (BOY)
SANTANA (P/MAYO)
SANTANDER DE QUILICHAO (CAU)
SANTANDERSITO (C/MARCA)
SANTIAGO (ANT)
SANTIAGO (N/STDER)
SANTIAGO (P/MAYO)
SANTIAGO PEREZ (TOL)
SANTO DOMINGO (ANT)
SANTO TOMAS (ATL)
SANTUARIO (RS)
SAPUYES (NAR)
SARAVENA (ARAU)
SARDINATA (N/STDER)
SASAIMA (C/MARCA)
SATIVANORTE (BOY)
SATIVASUR (BOY)
SEGOVIA (ANT)
SESQUILE (C/MARCA)
SEVILLA (VALLE)
SIACHOQUE (BOY)
SIBATE (C/MARCA)
SIBUNDOY (P/MAYO)
SILOS (N/STDER)
SILVANIA (C/MARCA)
SILVIA (CAU)
SIMACOTA (STDER)
SIMIJACA (C/MARCA)
SIMITI (BOL)
SINCE (SUCRE)
SINCELEJO (SUCRE)
SIPI (CHOCO)
SITIO NUEVO (MG/LENA)
SOACHA (C/MARCA)
SOATA (BOY)
SOCHA (BOY)
SOCORRO (STDER)
SOCOTA (BOY)
SOGAMOSO (BOY)
SOLEDAD (ATL)
SOLITA (CAQ)
SOMONDOCO (BOY)
SONSO (VALLE)
SONSON (ANT)
SOPETRAN (ANT)
SOPLAVIENTO (BOL)
SOPO (C/MARCA)
SORA (BOY)
SORACA (BOY)
SOTAQUIRÁ (BOY)
SOTOMAYOR (NAR)
SUAITA (STDER)
SUAN (ATL)
SUAREZ (CAU)
SUAREZ (TOL)
SUAZA (HLA)
SUBACHOQUE (C/MARCA)
SUBIA (C/MARCA)
SUCRE (STDER)
SUCRE (SUCRE)
SUESCA (C/MARCA)
SUPATA (C/MARCA)
SUPIA (CDAS)
SUSA (C/MARCA)
SUSACON (BOY)
SUTAMARCHAN (BOY)
SUTATAUSA (C/MARCA)
SUTATENZA (BOY)
TABIO (C/MARCA)
TACARIMENA (C/NARE)
TADO (CHOCO)
TAGANGA (MG/LENA)
TALAIGUA NUEVO (BOL)
TAMALAMEQUE (CES)
TAMARA (C/NARE)
TAME (ARAU)
TAMESIS (ANT)
TAMINANGO (NAR)
TANGAREAL CARRETERA (NAR)
TANGAREAL DEL MIRA (NAR)
TANGUA (NAR)
TARAZA (ANT)
TARQUI (HLA)
TARSO (ANT)
TASCO (BOY)
TAURAMENA (C/NARE)
TAUSA (C/MARCA)
TECAMAC (MEX)
TELLO (HLA)
TENA (C/MARCA)
TENERIFE (MG/LENA)
TENJO (C/MARCA)
TENZA (BOY)
TEOLOYUCAN (MEX)
TEORAMA (N/STDER)
TEPOTZOTLAN (MEX)
TERUEL (HLA)
TESALIA (HLA)
TEXCOCO (MEX)
TIBACUY (C/MARCA)
TIBANA (BOY)
TIBASOSA (BOY)
TIBIRITA (C/MARCA)
TIBU (N/STDER)
TIERRA ALTA (CORD)
TILODIRAN (C/NARE)
TIMANA (HLA)
TIMBA (CAU)
TIMBIO (CAU)
TIMBIQUI (CAU)
TINJACA (BOY)
TIPACOQUE (BOY)
TITIRIBI (ANT)
TLAHUAC (CMX)
TLALNEPANTLA DE BAZ (MEX)
TLALPAN (CMX)
TOBIA (C/MARCA)
TOCA (BOY)
TOCAIMA (C/MARCA)
TOCANCIPA (C/MARCA)
TOGUI (BOY)
TOLEDO (ANT)
TOLEDO (N/STDER)
TOLU (SUCRE)
TOLU VIEJO (SUCRE)
TOPAGA (BOY)
TOPAIPI (C/MARCA)
TORIBIO (CAU)
TORNO ROJO (CORD)
TORO (VALLE)
TOTA (BOY)
TOTORO (CAU)
TRES ESQUINAS (TOL)
TRES ESQUINAS (VALLE)
TRINIDAD (C/NARE)
TRUJILLO (VALLE)
TUBARA (ATL)
TUCHIN (CORD)
TUCURINCA (MG/LENA)
TUDELA (C/MARCA)
TULTEPEC (MEX)
TULTITLAN (MEX)
TULUA (VALLE)
TUMACO (NAR)
TUNIA (CAU)
TUNJA (BOY)
TUNUNGUA (BOY)
TUQUERRES (NAR)
TURBACO (BOL)
TURBANA (BOL)
TURBO (ANT)
TURMEQUE (BOY)
TUTA (BOY)
TUTAZA (BOY)
TUTUNENDO (CHOCO)
UBALA (C/MARCA)
UBAQUE (C/MARCA)
UBATE (C/MARCA)
ULLOA (VALLE)
UMBITA (BOY)
UNE (C/MARCA)
UNETE (C/NARE)
UNGUIA (CHOCO)
URAMITA (ANT)
URIBE (META)
URIBE URIBE (VALLE)
URIBIA (GUAJ)
URRAO (ANT)
URUMITA (GUAJ)
USIACURI (ATL)
UTICA (C/MARCA)
VADO REAL (STDER)
VALDIVIA (ANT)
VALENCIA (CORD)
VALENCIA JESUS (CES)
VALENCIA LA PAZ (HLA)
VALLE DE CHALCO SOLIDARIDAD (MEX)
VALLE DE SAN JOSE (STDER)
VALLE DE SAN JUAN (TOL)
VALLEDUPAR (CES)
VALPARAISO (ANT)
VALPARAISO (CAQ)
VANGUARDIA (META)
VEGACHI (ANT)
VEGALARGA (HLA)
VELEZ (STDER)
VELU (TOL)
VENADILLO (TOL)
VENECIA (ANT)
VENECIA (C/MARCA)
VENTAQUEMADA (BOY)
VENUSTIANO CARRANZA (CMX)
VERGARA (C/MARCA)
VERSALLES (ANT)
VERSALLES (VALLE)
VIANI (C/MARCA)
VICTORIA (CDAS)
VIJES (VALLE)
VILLA CARO (N/STDER)
VILLA COLOMBIA (TOL)
VILLA DE LEYVA (BOY)
VILLA DEL ROSARIO (N/STDER)
VILLA DEL SOCORRO (ANT)
VILLA FATIMA (CORD)
VILLA GORGONA (VALLE)
VILLA RICA (CAU)
VILLA RICA (TOL)
VILLA VIEJA (HLA)
VILLACAROLA (C/NARE)
VILLAGARZON (P/MAYO)
VILLAGOMEZ (C/MARCA)
VILLAHERMOSA (TOL)
VILLAMARIA (CDAS)
VILLANUEVA (BOL)
VILLANUEVA (C/NARE)
VILLANUEVA (GUAJ)
VILLANUEVA (STDER)
VILLAPINZON (C/MARCA)
VILLARESTREPO (TOL)
VILLAVICENCIO (META)
VILLETA (C/MARCA)
VIOTA (C/MARCA)
VIRACACHA (BOY)
VISTA HERMOSA (META)
VITERBO (CDAS)
XOCHIMILCO (CMX)
YACOPI (C/MARCA)
YACUANQUER (NAR)
YAGUARA (HLA)
YALI (ANT)
YARUMAL (ANT)
YOLOMBO (ANT)
YONDO CASABE (ANT)
YOPAL (C/NARE)
YOTOCO (VALLE)
YUMBO (VALLE)
YUTO (CHOCO)
ZAMBRANO (BOL)
ZAPATOCA (STDER)
ZARAGOZA (ANT)
ZARZAL (VALLE)
ZAWADY (MG/LENA)
ZETAQUIRA (BOY)
ZIPACON (C/MARCA)
ZIPAQUIRA (C/MARCA)
ZULUAGA (HLA)
ZUMPANGO (MEX)
ZUNGO CARRETERA (ANT)